"","mvmr_results_DPW","mvmr_results_CSI"
"IVW_OR",1.87783877015849,3.70124270753487
"IVW_CIL",0.874232300039133,2.28693619523506
"IVW_CIU",4.03357145069166,5.99019666951051
"IVW_P",0.106226182546459,9.95867597047098e-08
"Egger_OR",2.51224001905588,3.90538161585055
"Egger_CIL",0.781611916577935,2.34932550935884
"Egger_CIU",8.0747872179052,6.49207847301923
"Egger_P",0.122021120921757,1.48923441916873e-07
