"","mvmr_results_DPW","mvmr_results_CSI"
"IVW_OR",2.06786319975985,3.14166422526753
"IVW_CIL",1.13639720634913,2.15471159550583
"IVW_CIU",3.76282006769323,4.58068454493504
"IVW_P",0.017379385284902,2.68342019821125e-09
"Egger_OR",2.18281813270202,3.17327358127165
"Egger_CIL",0.874411033417244,2.12881405910902
"Egger_CIU",5.44903348466686,4.73017602383324
"Egger_P",0.0944383021696471,1.43134524149587e-08
