"","mvmr_results_DPW","mvmr_results_CSI"
"IVW_OR",2.22547505971904,2.45119166565496
"IVW_CIL",0.99548971297233,1.48214858383249
"IVW_CIU",4.97517872549739,4.05380448850829
"IVW_P",0.0513012989461344,0.000477663519872716
"Egger_OR",1.78820326132316,2.35407892936285
"Egger_CIL",0.523962196607141,1.382169009728
"Egger_CIU",6.10286567334997,4.00941387534126
"Egger_P",0.353411958451622,0.00162577733737308
