"","mvmr_results_DPW","mvmr_results_CSI"
"IVW_OR",5.22423789646247,2.62759686939269
"IVW_CIL",3.15984266676003,1.76963117789201
"IVW_CIU",8.63734827241237,3.90152784054508
"IVW_P",1.15652389651612e-10,1.66819597224305e-06
"Egger_OR",8.93967534191792,3.24118609786338
"Egger_CIL",4.76462856485242,2.13615535015861
"Egger_CIU",16.7731427814606,4.91784800211409
"Egger_P",8.94310275633408e-12,3.23900492735563e-08
